P,P_bayesian,P_subject,W,Y (Stimulas),Z
0.500,0.38,0.5,0.500,0,0.500
0.000,0.38,0.5,0.400,1,0.450
0.334,0.38,0.5,0.520,1,0.505
0.483,0.38,0.5,0.616,1,0.555
0.643,0.38,0.5,0.693,1,0.599
1.000,0.38,0.5,0.754,0,0.639
0.699,0.38,0.5,0.603,1,0.575
0.752,0.38,0.5,0.683,1,0.618
0.785,0.38,0.5,0.746,1,0.656
0.810,0.38,0.5,0.797,1,0.690
0.832,0.38,0.5,0.838,0,0.721
0.740,0.38,0.5,0.670,1,0.649
0.763,0.38,0.8,0.736,0,0.684
0.688,0.38,0.8,0.589,1,0.616
0.714,0.38,0.8,0.671,0,0.654
0.644,0.38,0.7,0.537,0,0.589
0.552,0.38,0.7,0.429,0,0.530
0.462,0.38,0.7,0.344,0,0.477
0.388,0.38,0.6,0.275,1,0.429
0.471,0.38,0.6,0.420,1,0.486
0.530,0.38,0.63,0.536,1,0.538
0.575,0.38,0.63,0.629,0,0.584
0.526,0.38,0.63,0.503,0,0.526
0.481,0.38,0.63,0.402,1,0.473
0.521,0.38,0.53,0.522,0,0.526
0.485,0.38,0.53,0.418,1,0.473
0.517,0.38,0.53,0.534,0,0.526
0.488,0.38,0.53,0.427,0,0.473
0.456,0.38,0.53,0.342,0,0.426
0.416,0.38,0.53,0.273,1,0.383
0.457,0.38,0.53,0.419,0,0.445
0.429,0.38,0.53,0.335,0,0.400
0.392,0.38,0.53,0.268,1,0.360
0.433,0.38,0.53,0.414,1,0.424
0.456,0.38,0.53,0.532,0,0.482
0.441,0.38,0.53,0.425,1,0.434
0.458,0.38,0.53,0.540,0,0.490
0.448,0.38,0.53,0.432,0,0.441
0.433,0.38,0.53,0.346,1,0.397
0.446,0.38,0.53,0.477,1,0.457
0.455,0.38,0.53,0.581,1,0.512
0.470,0.38,0.53,0.665,0,0.561
0.468,0.38,0.53,0.532,0,0.505
0.467,0.38,0.53,0.426,1,0.454
0.468,0.38,0.53,0.540,0,0.509
0.471,0.38,0.53,0.432,0,0.458
0.469,0.38,0.53,0.346,1,0.412
0.463,0.38,0.53,0.477,0,0.471
0.467,0.38,0.53,0.381,1,0.424
0.457,0.38,0.53,0.505,0,0.481
0.466,0.38,0.53,0.404,1,0.433
0.454,0.38,0.53,0.523,1,0.490
0.449,0.38,0.53,0.619,0,0.541
0.466,0.38,0.53,0.495,0,0.487
0.480,0.38,0.53,0.396,1,0.438
0.460,0.38,0.53,0.517,1,0.494
0.450,0.38,0.53,0.613,1,0.545
0.454,0.38,0.53,0.691,0,0.590
0.473,0.38,0.53,0.553,0,0.531
0.496,0.38,0.53,0.442,0,0.478
0.512,0.38,0.53,0.354,1,0.430
0.482,0.38,0.53,0.483,1,0.487
0.461,0.38,0.53,0.586,0,0.539
0.492,0.38,0.53,0.469,0,0.485
0.516,0.38,0.53,0.375,0,0.436
0.527,0.38,0.53,0.300,1,0.393
0.487,0.38,0.53,0.440,1,0.453
0.454,0.38,0.53,0.552,0,0.508
0.489,0.38,0.53,0.442,1,0.457
0.451,0.38,0.53,0.553,0,0.512
0.492,0.38,0.53,0.443,0,0.460
0.523,0.38,0.53,0.354,1,0.414
0.467,0.38,0.53,0.483,1,0.473
0.428,0.38,0.53,0.587,0,0.526
0.479,0.38,0.53,0.469,0,0.473
0.525,0.38,0.53,0.375,1,0.426
0.455,0.38,0.53,0.500,0,0.483
0.513,0.38,0.53,0.400,1,0.435
0.436,0.38,0.53,0.520,1,0.491
0.396,0.38,0.53,0.616,0,0.542
0.465,0.38,0.53,0.493,0,0.488
0.538,0.38,0.53,0.394,1,0.439
0.439,0.38,0.53,0.515,1,0.495
0.389,0.38,0.53,0.612,0,0.546
0.477,0.38,0.53,0.490,0,0.491
0.568,0.38,0.53,0.392,0,0.442
0.605,0.38,0.53,0.314,0,0.398
0.601,0.38,0.53,0.251,0,0.358
0.579,0.38,0.53,0.201,1,0.322
0.531,0.38,0.53,0.361,0,0.390
0.538,0.38,0.53,0.288,0,0.351
0.527,0.38,0.53,0.231,0,0.316
0.502,0.38,0.53,0.185,0,0.284
0.466,0.38,0.53,0.148,0,0.256
0.419,0.38,0.53,0.118,1,0.230
0.451,0.38,0.53,0.295,0,0.307
0.427,0.38,0.53,0.236,0,0.277
0.391,0.38,0.53,0.188,0,0.249
0.343,0.38,0.53,0.151,0,0.224
0.282,0.38,0.23,0.121,0,0.202
0.215,0.38,0.23,0.097,0,0.181
0.156,0.38,0.23,0.077,0,0.163
0.000,0.38,0.23,0.062,0,0.147
0.000,0.38,0.23,0.049,1,0.132
0.239,0.38,0.23,0.240,0,0.219
0.200,0.38,0.23,0.192,0,0.197
0.171,0.38,0.23,0.153,0,0.177
0.149,0.38,0.23,0.123,0,0.160
0.131,0.38,0.23,0.098,0,0.144
0.116,0.38,0.23,0.078,0,0.129
0.103,0.38,0.23,0.063,1,0.116
0.198,0.38,0.23,0.250,1,0.205
0.299,0.38,0.23,0.400,0,0.284
0.264,0.38,0.23,0.320,0,0.256
0.233,0.38,0.23,0.256,1,0.230
0.311,0.38,0.23,0.405,0,0.307
0.283,0.38,0.23,0.324,0,0.277
0.256,0.38,0.23,0.259,0,0.249
0.233,0.38,0.23,0.207,1,0.224
0.295,0.38,0.23,0.366,1,0.302
0.332,0.38,0.23,0.493,0,0.371
0.320,0.38,0.23,0.394,0,0.334
0.303,0.38,0.23,0.315,1,0.301
0.331,0.38,0.23,0.452,0,0.371
0.323,0.38,0.23,0.362,0,0.334
0.309,0.38,0.23,0.289,0,0.300
0.292,0.38,0.23,0.232,0,0.270
0.274,0.38,0.23,0.185,0,0.243
0.257,0.38,0.23,0.148,1,0.219
0.295,0.38,0.23,0.319,0,0.297
0.281,0.38,0.23,0.255,0,0.267
0.268,0.38,0.23,0.204,1,0.241
0.296,0.38,0.23,0.363,0,0.317
0.287,0.72,0.23,0.290,1,0.285
0.305,0.72,0.23,0.432,1,0.356
0.313,0.72,0.23,0.546,0,0.421
0.318,0.72,0.47,0.437,1,0.379
0.320,0.72,0.47,0.549,0,0.441
0.329,0.72,0.47,0.440,0,0.397
0.333,0.72,0.47,0.352,1,0.357
0.331,0.72,0.47,0.481,1,0.421
0.325,0.72,0.47,0.585,0,0.479
0.343,0.72,0.47,0.468,1,0.431
0.334,0.72,0.47,0.574,1,0.488
0.331,0.72,0.47,0.660,0,0.539
0.354,0.72,0.47,0.528,1,0.485
0.348,0.72,0.47,0.622,0,0.537
0.371,0.72,0.47,0.498,1,0.483
0.362,0.72,0.47,0.598,0,0.535
0.386,0.72,0.47,0.479,1,0.481
0.374,0.72,0.47,0.583,1,0.533
0.370,0.72,0.67,0.666,1,0.580
0.377,0.72,0.67,0.733,1,0.622
0.395,0.72,0.67,0.786,1,0.660
0.425,0.72,0.67,0.829,1,0.694
0.462,0.72,0.87,0.863,1,0.724
0.507,0.72,0.87,0.891,1,0.752
0.556,0.72,0.87,0.913,1,0.777
0.605,0.72,0.87,0.930,1,0.799
0.653,0.72,0.87,0.944,0,0.819
0.559,0.72,0.87,0.755,1,0.737
0.604,0.72,0.87,0.804,1,0.764
0.645,0.72,0.87,0.843,1,0.787
0.682,0.72,0.87,0.875,0,0.808
0.597,0.72,0.87,0.700,1,0.728
0.637,0.72,0.87,0.760,1,0.755
0.672,0.72,0.87,0.808,1,0.779
0.703,0.72,0.87,0.846,1,0.801
0.731,0.72,0.87,0.877,1,0.821
0.758,0.72,0.87,0.902,1,0.839
0.785,0.72,0.87,0.921,1,0.855
0.811,0.72,0.87,0.937,1,0.870
0.838,0.72,0.87,0.950,0,0.883
0.741,0.72,0.87,0.760,0,0.794
0.658,0.72,0.11,0.608,0,0.715
0.569,0.18,0.11,0.486,0,0.644
0.514,0.18,0.11,0.389,0,0.579
0.489,0.18,0.11,0.311,0,0.521
0.477,0.18,0.11,0.249,0,0.469
0.467,0.18,0.11,0.199,0,0.422
0.457,0.18,0.11,0.159,0,0.380
0.444,0.18,0.11,0.127,0,0.342
0.428,0.18,0.11,0.102,0,0.308
0.409,0.18,0.11,0.082,1,0.277
0.431,0.18,0.11,0.265,0,0.349
0.417,0.18,0.11,0.212,0,0.314
0.400,0.18,0.11,0.170,0,0.283
0.382,0.18,0.11,0.136,0,0.255
0.363,0.18,0.11,0.109,0,0.229
0.344,0.18,0.11,0.087,0,0.206
0.325,0.18,0.11,0.070,0,0.186
0.306,0.18,0.11,0.056,0,0.167
0.287,0.18,0.11,0.045,0,0.150
0.269,0.18,0.11,0.036,0,0.135
0.251,0.18,0.11,0.028,0,0.122
0.234,0.18,0.11,0.023,0,0.110
0.218,0.18,0.06,0.018,0,0.099
0.201,0.18,0.06,0.015,0,0.089
0.186,0.18,0.06,0.012,0,0.080
0.171,0.18,0.06,0.009,0,0.072
0.157,0.18,0.06,0.007,0,0.065
0.143,0.18,0.06,0.006,0,0.058
0.130,0.18,0.06,0.005,0,0.052
0.118,0.18,0.06,0.004,0,0.047
0.106,0.18,0.01,0.003,0,0.042
0.096,0.18,0.01,0.002,0,0.038
0.085,0.18,0.01,0.002,0,0.034
0.076,0.18,0.01,0.002,0,0.031
0.067,0.18,0.01,0.001,0,0.028
0.000,0.18,0.01,0.001,0,0.025
0.000,0.18,0.01,0.001,0,0.023
0.000,0.18,0.01,0.001,1,0.020
0.151,0.18,0.01,0.201,1,0.118
0.235,0.18,0.01,0.360,0,0.206
0.213,0.18,0.01,0.288,0,0.186
0.193,0.18,0.01,0.231,0,0.167
0.177,0.18,0.01,0.185,0,0.151
0.162,0.18,0.01,0.148,0,0.135
0.150,0.18,0.01,0.118,0,0.122
0.138,0.18,0.01,0.094,1,0.110
0.210,0.18,0.01,0.276,0,0.199
0.192,0.18,0.01,0.220,0,0.179
0.177,0.18,0.01,0.176,0,0.161
0.163,0.18,0.01,0.141,0,0.145
0.152,0.18,0.01,0.113,0,0.130
0.142,0.18,0.01,0.090,0,0.117
0.133,0.18,0.01,0.072,0,0.106
0.125,0.18,0.01,0.058,0,0.095
0.117,0.18,0.01,0.046,0,0.086
0.110,0.18,0.01,0.037,0,0.077
0.103,0.18,0.01,0.030,0,0.069
0.096,0.18,0.01,0.024,0,0.062
0.090,0.18,0.01,0.019,0,0.056
0.084,0.18,0.01,0.015,1,0.051
0.141,0.18,0.01,0.212,1,0.145
0.212,0.18,0.01,0.370,0,0.231
0.191,0.18,0.01,0.296,0,0.208
0.175,0.18,0.01,0.237,1,0.187
0.250,0.18,0.01,0.389,0,0.268
0.224,0.18,0.51,0.311,1,0.242
0.302,0.18,0.51,0.449,0,0.317
0.270,0.18,0.51,0.359,0,0.286
0.243,0.18,0.51,0.287,0,0.257
0.222,0.18,0.51,0.230,0,0.231
0.204,0.18,0.02,0.184,0,0.208
0.190,0.18,0.02,0.147,0,0.187
0.179,0.18,0.02,0.118,0,0.169
0.169,0.18,0.02,0.094,0,0.152
0.161,0.18,0.02,0.075,0,0.137
0.153,0.18,0.02,0.060,0,0.123
0.146,0.18,0.02,0.048,0,0.111
0.139,0.18,0.02,0.039,0,0.100
0.133,0.18,0.02,0.031,0,0.090
0.126,0.18,0.02,0.025,1,0.081
0.166,0.18,0.02,0.220,0,0.173
0.158,0.18,0.02,0.176,0,0.155
0.151,0.18,0.02,0.141,0,0.140
0.144,0.18,0.02,0.113,0,0.126
0.138,0.18,0.02,0.090,0,0.113
0.133,0.18,0.02,0.072,1,0.102
0.170,0.18,0.02,0.258,0,0.192
0.161,0.18,0.02,0.206,0,0.173
0.154,0.18,0.02,0.165,0,0.155
0.148,0.18,0.02,0.132,0,0.140
0.143,0.18,0.02,0.106,0,0.126
0.138,0.18,0.02,0.084,1,0.113
0.171,0.18,0.02,0.268,0,0.202
0.163,0.18,0.02,0.214,0,0.182
0.156,0.18,0.02,0.171,0,0.164
0.151,0.18,0.02,0.137,1,0.147
0.188,0.18,0.02,0.310,0,0.232
0.177,0.18,0.02,0.248,0,0.209
0.169,0.18,0.02,0.198,0,0.188
0.163,0.18,0.52,0.159,1,0.169
0.203,0.18,0.52,0.327,0,0.253
0.190,0.18,0.52,0.261,0,0.227
0.181,0.18,0.52,0.209,0,0.205
0.174,0.18,0.03,0.167,0,0.184
0.169,0.18,0.03,0.134,0,0.166
0.165,0.18,0.03,0.107,0,0.149
0.161,0.18,0.03,0.086,0,0.134
0.158,0.18,0.03,0.069,0,0.121
0.154,0.18,0.03,0.055,0,0.109
0.150,0.18,0.03,0.044,0,0.098
0.147,0.18,0.03,0.035,0,0.088
0.143,0.18,0.03,0.028,0,0.079
0.138,0.18,0.03,0.022,0,0.071
0.134,0.18,0.03,0.018,0,0.064
0.130,0.18,0.03,0.014,0,0.058
0.125,0.18,0.03,0.011,0,0.052
0.120,0.18,0.03,0.009,0,0.047
0.116,0.18,0.03,0.007,0,0.042
0.111,0.18,0.03,0.006,0,0.038
0.106,0.18,0.03,0.005,0,0.034
0.101,0.18,0.03,0.004,0,0.031
0.097,0.18,0.03,0.003,1,0.028
0.117,0.18,0.03,0.202,0,0.125
0.114,0.18,0.03,0.162,0,0.112
0.112,0.18,0.03,0.130,0,0.101
0.109,0.18,0.03,0.104,0,0.091
0.107,0.18,0.03,0.083,1,0.082
0.126,0.18,0.03,0.266,0,0.174
0.123,0.18,0.03,0.213,0,0.156
0.121,0.18,0.03,0.170,0,0.141
0.119,0.18,0.03,0.136,0,0.127
0.117,0.18,0.03,0.109,1,0.114
0.137,0.18,0.03,0.287,0,0.203
0.133,0.18,0.03,0.230,0,0.182
0.131,0.18,0.03,0.184,0,0.164
0.129,0.18,0.03,0.147,0,0.148
0.127,0.18,0.03,0.118,0,0.133
0.126,0.18,0.03,0.094,0,0.120
0.125,0.18,0.03,0.075,0,0.108
0.123,0.18,0.03,0.060,0,0.097
0.121,0.18,0.03,0.048,0,0.087
0.119,0.18,0.03,0.039,1,0.078
0.126,0.18,0.03,0.231,0,0.171
0.125,0.18,0.03,0.185,0,0.154
0.125,0.18,0.03,0.148,0,0.138
0.124,0.18,0.03,0.118,0,0.124
0.124,0.18,0.03,0.095,0,0.112
0.123,0.18,0.03,0.076,1,0.101
0.130,0.18,0.03,0.261,1,0.191
0.166,0.18,0.03,0.408,0,0.272
0.155,0.18,0.03,0.327,0,0.244
0.149,0.18,0.03,0.261,0,0.220
0.145,0.18,0.03,0.209,0,0.198
0.144,0.18,0.03,0.167,0,0.178
0.143,0.18,0.03,0.134,1,0.160
0.163,0.18,0.03,0.307,0,0.244
0.157,0.18,0.03,0.246,0,0.220
0.155,0.18,0.03,0.197,1,0.198
0.188,0.18,0.03,0.357,0,0.278
0.176,0.18,0.23,0.286,1,0.250
0.235,0.18,0.23,0.429,0,0.325
0.209,0.18,0.23,0.343,0,0.293
0.194,0.18,0.23,0.274,1,0.263
0.255,0.18,0.23,0.419,0,0.337
0.228,0.18,0.23,0.336,1,0.303
0.298,0.18,0.23,0.468,0,0.373
0.264,0.18,0.23,0.375,0,0.336
0.239,0.18,0.23,0.300,0,0.302
0.222,0.18,0.23,0.240,0,0.272
0.211,0.18,0.23,0.192,0,0.245
0.203,0.18,0.23,0.154,0,0.220
0.199,0.18,0.23,0.123,0,0.198
0.195,0.18,0.23,0.098,1,0.178
0.216,0.18,0.23,0.279,0,0.261
0.208,0.18,0.23,0.223,0,0.235
0.203,0.18,0.23,0.178,0,0.211
0.200,0.18,0.23,0.143,0,0.190
0.197,0.18,0.23,0.114,0,0.171
0.195,0.18,0.23,0.091,0,0.154
0.193,0.18,0.23,0.073,0,0.138
0.191,0.18,0.13,0.058,0,0.125
0.188,0.18,0.13,0.047,0,0.112
0.185,0.18,0.13,0.037,0,0.101
0.182,0.18,0.13,0.030,0,0.091
0.179,0.18,0.13,0.024,0,0.082
0.175,0.18,0.13,0.019,0,0.074
0.171,0.18,0.13,0.015,1,0.066
0.171,0.18,0.13,0.212,1,0.160
0.184,0.18,0.13,0.370,0,0.244
0.180,0.18,0.13,0.296,0,0.219
0.178,0.18,0.13,0.237,0,0.197
0.176,0.18,0.13,0.189,0,0.178
0.175,0.18,0.13,0.151,0,0.160
0.175,0.18,0.13,0.121,1,0.144
0.180,0.18,0.13,0.297,0,0.229
0.178,0.18,0.13,0.238,0,0.207
0.178,0.18,0.13,0.190,0,0.186
0.177,0.18,0.13,0.152,0,0.167
0.177,0.18,0.13,0.122,1,0.151
0.181,0.18,0.13,0.297,0,0.236
0.179,0.18,0.13,0.238,0,0.212
0.179,0.18,0.13,0.190,0,0.191
0.180,0.18,0.13,0.152,0,0.172
0.180,0.18,0.13,0.122,0,0.155
0.180,0.18,0.13,0.097,0,0.139
0.180,0.18,0.13,0.078,1,0.125
0.174,0.18,0.13,0.262,0,0.213
0.175,0.18,0.13,0.210,0,0.191
0.177,0.18,0.13,0.168,0,0.172
0.178,0.18,0.13,0.134,1,0.155
0.176,0.18,0.13,0.307,0,0.240
0.176,0.18,0.13,0.246,0,0.216
0.178,0.18,0.13,0.197,0,0.194
0.180,0.18,0.13,0.157,1,0.175
0.180,0.18,0.13,0.326,0,0.257
0.180,0.18,0.13,0.261,0,0.231
0.182,0.18,0.13,0.209,0,0.208
0.184,0.18,0.13,0.167,0,0.187
0.187,0.18,0.13,0.134,0,0.169
0.189,0.18,0.13,0.107,0,0.152
0.190,0.18,0.13,0.085,0,0.137
0.191,0.18,0.13,0.068,0,0.123
0.191,0.18,0.13,0.055,0,0.111
0.190,0.18,0.13,0.044,1,0.100
0.171,0.18,0.13,0.235,0,0.190
0.174,0.18,0.13,0.188,0,0.171
0.178,0.18,0.13,0.150,0,0.154
0.180,0.18,0.13,0.120,0,0.138
0.182,0.18,0.13,0.096,0,0.124
0.183,0.18,0.13,0.077,0,0.112
0.183,0.18,0.13,0.062,0,0.101
0.182,0.18,0.13,0.049,1,0.091
0.159,0.18,0.13,0.239,1,0.182
0.155,0.18,0.83,0.392,1,0.263
0.190,0.18,0.83,0.513,0,0.337
0.177,0.18,0.53,0.411,0,0.303
0.172,0.18,0.53,0.328,0,0.273
0.172,0.18,0.53,0.263,0,0.246
0.175,0.18,0.53,0.210,0,0.221
0.178,0.18,0.53,0.168,0,0.199
0.182,0.18,0.53,0.135,0,0.179
0.185,0.18,0.53,0.108,0,0.161
0.187,0.18,0.07,0.086,0,0.145
0.189,0.18,0.07,0.069,0,0.131
0.191,0.18,0.07,0.055,0,0.118
0.191,0.18,0.07,0.044,1,0.106
0.168,0.18,0.07,0.235,0,0.195
0.173,0.18,0.07,0.188,0,0.176
0.177,0.18,0.07,0.151,0,0.158
0.180,0.18,0.07,0.120,0,0.142
0.183,0.18,0.07,0.096,0,0.128
0.185,0.18,0.07,0.077,1,0.115
0.160,0.18,0.07,0.262,0,0.204
0.165,0.18,0.07,0.209,0,0.183
0.171,0.18,0.07,0.167,0,0.165
0.175,0.18,0.07,0.134,0,0.149
0.179,0.18,0.07,0.107,0,0.134
0.182,0.18,0.07,0.086,0,0.120
0.184,0.18,0.07,0.069,0,0.108
0.185,0.18,0.07,0.055,0,0.097
0.185,0.18,0.07,0.044,0,0.088
0.184,0.18,0.07,0.035,0,0.079
0.183,0.18,0.07,0.028,0,0.071
0.181,0.18,0.07,0.022,0,0.064
0.179,0.18,0.07,0.018,1,0.058
0.147,0.18,0.07,0.214,0,0.152
0.151,0.18,0.07,0.172,0,0.137
0.155,0.18,0.07,0.137,0,0.123
0.158,0.18,0.07,0.110,0,0.111
0.160,0.18,0.07,0.088,1,0.100
0.130,0.18,0.07,0.270,0,0.190
0.137,0.18,0.07,0.216,0,0.171
0.143,0.18,0.07,0.173,0,0.154
0.149,0.18,0.07,0.138,1,0.138
0.125,0.18,0.07,0.311,0,0.224
0.133,0.18,0.07,0.249,0,0.202
0.140,0.18,0.07,0.199,0,0.182
0.147,0.18,0.17,0.159,0,0.164
0.154,0.18,0.17,0.127,1,0.147
0.129,0.18,0.17,0.302,0,0.233
0.137,0.18,0.17,0.241,0,0.209
0.145,0.18,0.17,0.193,1,0.188
0.133,0.18,0.17,0.355,0,0.270
0.139,0.18,0.17,0.284,0,0.243
0.147,0.18,0.17,0.227,0,0.218
0.155,0.18,0.17,0.182,1,0.196
0.144,0.18,0.17,0.345,0,0.277
0.150,0.18,0.17,0.276,0,0.249
0.157,0.18,0.17,0.221,0,0.224
0.165,0.18,0.17,0.177,1,0.202
0.155,0.18,0.17,0.341,0,0.282
0.160,0.18,0.17,0.273,0,0.253
0.168,0.18,0.17,0.218,0,0.228
0.175,0.18,0.17,0.175,0,0.205
0.183,0.18,0.17,0.140,0,0.185
0.189,0.18,0.17,0.112,0,0.166
0.195,0.18,0.17,0.089,0,0.150
0.199,0.18,0.17,0.072,0,0.135
0.202,0.18,0.17,0.057,1,0.121
0.166,0.18,0.17,0.246,0,0.209
0.175,0.18,0.17,0.197,1,0.188
0.154,0.18,0.17,0.357,1,0.269
0.175,0.18,0.17,0.486,0,0.342
0.169,0.18,0.17,0.389,0,0.308
0.171,0.18,0.17,0.311,0,0.277
0.177,0.18,0.17,0.249,0,0.250
0.184,0.18,0.17,0.199,1,0.225
0.180,0.18,0.17,0.359,0,0.302
0.183,0.18,0.17,0.287,0,0.272
0.189,0.18,0.17,0.230,0,0.245
0.196,0.18,0.17,0.184,0,0.220
0.203,0.18,0.17,0.147,0,0.198
0.210,0.18,0.17,0.118,0,0.178
0.215,0.18,0.17,0.094,0,0.161
0.220,0.18,0.17,0.075,1,0.145
0.187,0.18,0.17,0.260,0,0.230
0.195,0.18,0.17,0.208,1,0.207
0.179,0.18,0.17,0.367,0,0.286
0.186,0.18,0.17,0.293,1,0.258
0.193,0.18,0.17,0.435,0,0.332
0.192,0.18,0.17,0.348,0,0.299
0.196,0.18,0.17,0.278,0,0.269
0.203,0.18,0.17,0.223,1,0.242
0.202,0.18,0.27,0.378,0,0.318
0.203,0.18,0.27,0.302,0,0.286
0.209,0.18,0.27,0.242,0,0.257
0.217,0.18,0.27,0.194,0,0.232
0.224,0.18,0.27,0.155,0,0.209
0.230,0.18,0.27,0.124,0,0.188
0.236,0.18,0.27,0.099,0,0.169
0.240,0.18,0.27,0.079,0,0.152
0.244,0.18,0.27,0.063,0,0.137
0.246,0.18,0.27,0.051,0,0.123
0.246,0.18,0.27,0.041,0,0.111
0.246,0.18,0.27,0.032,0,0.100
0.245,0.18,0.27,0.026,0,0.090
0.243,0.18,0.27,0.021,1,0.081
0.206,0.18,0.27,0.217,0,0.173
0.211,0.18,0.27,0.173,0,0.155
0.216,0.18,0.27,0.139,0,0.140
0.219,0.18,0.27,0.111,0,0.126
0.221,0.18,0.27,0.089,0,0.113
0.222,0.18,0.27,0.071,1,0.102
0.183,0.18,0.27,0.257,0,0.192
0.191,0.18,0.27,0.205,0,0.173
0.198,0.18,0.27,0.164,0,0.155
0.203,0.18,0.27,0.131,0,0.140
0.207,0.18,0.27,0.105,0,0.126
0.210,0.18,0.27,0.084,0,0.113
0.212,0.18,0.27,0.067,0,0.102
0.213,0.18,0.27,0.054,0,0.092
0.213,0.18,0.27,0.043,0,0.083
0.212,0.18,0.27,0.034,0,0.074
0.210,0.18,0.27,0.028,1,0.067
0.169,0.18,0.27,0.222,0,0.160
0.175,0.18,0.27,0.178,0,0.144
0.181,0.18,0.27,0.142,0,0.130
0.185,0.18,0.27,0.114,0,0.117
0.188,0.18,0.27,0.091,0,0.105
0.190,0.18,0.27,0.073,0,0.095
0.191,0.18,0.27,0.058,1,0.085
0.149,0.18,0.27,0.247,1,0.177
0.124,0.18,0.27,0.397,0,0.259
0.134,0.18,0.27,0.318,1,0.233
0.130,0.18,0.27,0.454,0,0.310
0.135,0.18,0.27,0.363,0,0.279
0.144,0.18,0.27,0.291,0,0.251
0.153,0.18,0.27,0.233,0,0.226
0.162,0.18,0.27,0.186,0,0.203
0.170,0.18,0.27,0.149,0,0.183
0.177,0.18,0.27,0.119,0,0.165
0.184,0.18,0.27,0.095,0,0.148
0.189,0.18,0.27,0.076,0,0.133
0.193,0.18,0.27,0.061,1,0.120
0.154,0.18,0.27,0.249,0,0.208
0.164,0.18,0.27,0.199,0,0.187
0.173,0.18,0.27,0.159,0,0.168
0.180,0.51,0.27,0.127,0,0.152
0.186,0.51,0.27,0.102,1,0.136
0.147,0.51,0.27,0.282,1,0.223
0.133,0.51,0.27,0.425,1,0.301
0.162,0.51,0.97,0.540,1,0.370
0.243,0.51,0.97,0.632,0,0.433
0.199,0.51,0.97,0.506,1,0.390
0.285,0.51,0.97,0.605,1,0.451
0.356,0.51,0.97,0.684,1,0.506
0.408,0.51,0.97,0.747,1,0.555
0.455,0.51,0.97,0.798,1,0.600
0.506,0.51,0.97,0.838,0,0.640
0.446,0.51,0.97,0.670,0,0.576
0.401,0.51,0.73,0.536,1,0.518
0.445,0.51,0.73,0.629,0,0.566
0.403,0.51,0.73,0.503,0,0.510
0.358,0.51,0.73,0.403,0,0.459
0.304,0.51,0.73,0.322,1,0.413
0.376,0.51,0.73,0.458,0,0.472
0.330,0.51,0.73,0.366,0,0.424
0.280,0.51,0.73,0.293,0,0.382
0.241,0.51,0.73,0.234,1,0.344
0.319,0.51,0.73,0.387,1,0.409
0.379,0.51,0.73,0.510,1,0.469
0.420,0.51,0.73,0.608,0,0.522
0.387,0.51,0.73,0.486,0,0.469
0.350,0.51,0.73,0.389,1,0.423
0.398,0.51,0.73,0.511,0,0.480
0.365,0.51,0.73,0.409,1,0.432
0.407,0.51,0.73,0.527,0,0.489
0.377,0.81,0.73,0.422,1,0.440
0.414,0.81,0.73,0.537,1,0.496
0.442,0.81,0.73,0.630,1,0.547
0.471,0.81,0.73,0.704,1,0.592
0.506,0.81,0.73,0.763,1,0.633
0.548,0.81,0.73,0.811,1,0.669
0.594,0.81,0.73,0.848,1,0.702
0.637,0.81,0.73,0.879,1,0.732
0.673,0.81,0.73,0.903,1,0.759
0.702,0.81,0.73,0.922,1,0.783
0.727,0.81,0.73,0.938,1,0.805
0.750,0.81,0.73,0.950,1,0.824
0.770,0.81,0.73,0.960,1,0.842
0.790,0.81,0.73,0.968,1,0.858
0.810,0.81,0.73,0.975,0,0.872
0.738,0.81,0.73,0.780,1,0.785
0.760,0.81,0.83,0.824,1,0.806
0.778,0.81,0.83,0.859,0,0.826
0.711,0.81,0.83,0.687,1,0.743
0.737,0.81,0.83,0.750,0,0.769
0.656,0.81,0.83,0.600,1,0.692
0.696,0.81,0.83,0.680,1,0.723
0.723,0.81,0.83,0.744,1,0.750
0.744,0.81,0.83,0.795,1,0.775
0.760,0.81,0.83,0.836,1,0.798
0.774,0.81,0.83,0.869,1,0.818
0.787,0.81,0.83,0.895,1,0.836
0.799,0.81,0.83,0.916,1,0.853
0.812,0.81,0.83,0.933,1,0.867
0.825,0.81,0.83,0.946,1,0.881
0.838,0.81,0.83,0.957,1,0.893
0.852,0.81,0.83,0.966,1,0.903
0.866,0.81,0.83,0.972,1,0.913
0.881,0.81,0.83,0.978,1,0.922
0.895,0.81,0.83,0.982,1,0.930
1.000,0.81,0.83,0.986,1,0.937
1.000,0.81,0.83,0.989,1,0.943
1.000,0.81,0.83,0.991,1,0.949
1.000,0.81,0.83,0.993,1,0.954
1.000,0.81,0.83,0.994,0,0.958
0.844,0.81,0.83,0.795,1,0.863
0.854,0.81,0.83,0.836,1,0.876
0.863,0.81,0.83,0.869,0,0.889
0.813,0.81,0.83,0.695,1,0.800
0.824,0.81,0.83,0.756,1,0.820
0.834,0.81,0.83,0.805,1,0.838
0.842,0.81,0.83,0.844,1,0.854
0.851,0.81,0.83,0.875,0,0.869
0.808,0.81,0.83,0.700,1,0.782
0.818,0.81,0.83,0.760,1,0.804
0.827,0.81,0.83,0.808,1,0.823
0.834,0.81,0.83,0.846,1,0.841
0.841,0.81,0.83,0.877,1,0.857
0.848,0.81,0.83,0.902,1,0.871
0.855,0.81,0.83,0.921,1,0.884
0.861,0.81,0.83,0.937,1,0.896
0.868,0.81,0.83,0.950,1,0.906
0.875,0.81,0.83,0.960,1,0.915
0.882,0.81,0.83,0.968,1,0.924
0.889,0.81,0.83,0.974,1,0.932
0.896,0.81,0.83,0.979,1,0.938
0.903,0.81,0.83,0.984,0,0.945
0.865,0.81,0.83,0.787,1,0.850
0.870,0.81,0.83,0.829,1,0.865
0.875,0.81,0.83,0.864,0,0.879
0.840,0.81,0.83,0.691,1,0.791
0.847,0.81,0.83,0.753,0,0.812
0.800,0.81,0.83,0.602,1,0.730
0.815,0.81,0.83,0.682,1,0.757
0.824,0.81,0.83,0.745,1,0.782
0.831,0.81,0.83,0.796,1,0.804
0.836,0.81,0.83,0.837,1,0.823
0.841,0.81,0.83,0.870,1,0.841
0.845,0.81,0.83,0.896,0,0.857
0.820,0.81,0.83,0.717,1,0.771
0.826,0.81,0.83,0.773,1,0.794
0.830,0.81,0.83,0.819,1,0.815
0.834,1,0.83,0.855,1,0.833
0.837,1,0.83,0.884,1,0.850
0.840,1,0.83,0.907,1,0.865
0.843,1,0.83,0.926,1,0.878
0.847,1,0.83,0.941,1,0.891
0.851,0.47,0.83,0.952,1,0.901
0.855,0.47,0.83,0.962,0,0.911
0.845,0.47,0.83,0.770,1,0.820
0.847,0.47,0.83,0.816,0,0.838
0.825,0.47,0.83,0.653,0,0.754
0.767,0.47,0.83,0.522,1,0.679
0.792,0.47,0.83,0.618,1,0.711
0.805,0.47,0.83,0.694,1,0.740
0.813,0.47,0.83,0.755,0,0.766
0.766,0.47,0.83,0.604,1,0.689
0.786,0.47,0.83,0.683,0,0.720
0.705,0.47,0.83,0.547,0,0.648
0.564,0.47,0.83,0.437,1,0.584
0.648,0.47,0.83,0.550,0,0.625
0.539,0.47,0.83,0.440,1,0.563
0.606,0.47,0.83,0.552,1,0.606
0.675,0.47,0.83,0.642,0,0.646
0.571,0.47,0.83,0.513,0,0.581
0.507,0.47,0.67,0.411,1,0.523
0.557,0.47,0.67,0.528,0,0.571
0.502,0.47,0.67,0.423,0,0.514
0.461,0.47,0.67,0.338,1,0.462
0.503,0.47,0.67,0.471,0,0.516
0.464,0.47,0.67,0.376,1,0.464
0.504,0.47,0.67,0.501,0,0.518
0.467,0.47,0.67,0.401,0,0.466
0.430,0.47,0.67,0.321,1,0.420
0.474,0.47,0.67,0.457,1,0.478
0.509,0.47,0.67,0.565,1,0.530
0.547,0.47,0.67,0.652,0,0.577
0.504,0.47,0.67,0.522,1,0.519
0.539,0.47,0.67,0.617,0,0.567
0.501,0.47,0.67,0.494,0,0.511
0.471,0.47,0.67,0.395,1,0.459
0.502,0.47,0.67,0.516,1,0.514
0.533,0.47,0.67,0.613,1,0.562
0.571,0.47,0.67,0.690,0,0.606
0.525,0.47,0.67,0.552,1,0.545
0.558,0.47,0.67,0.642,0,0.591
0.520,0.47,0.67,0.513,0,0.532
0.493,0.47,0.67,0.411,1,0.479
0.518,0.47,0.67,0.529,1,0.531
0.546,0.47,0.67,0.623,0,0.578
0.515,0.47,0.67,0.498,0,0.520
0.491,0.47,0.67,0.399,0,0.468
0.464,0.47,0.67,0.319,1,0.421
0.494,0.47,0.67,0.455,1,0.479
0.515,0.47,0.67,0.564,1,0.531
0.539,0.47,0.67,0.651,1,0.578
0.570,0.47,0.67,0.721,0,0.620
0.532,0.47,0.67,0.577,0,0.558
0.510,0.47,0.67,0.461,0,0.502
0.490,0.47,0.67,0.369,0,0.452
0.463,0.47,0.67,0.295,1,0.407
0.492,0.47,0.67,0.436,1,0.466
0.510,0.47,0.67,0.549,1,0.520
0.529,0.47,0.67,0.639,1,0.568
0.553,0.47,0.67,0.711,1,0.611
0.588,0.47,0.67,0.769,0,0.650
0.543,0.47,0.67,0.615,0,0.585
0.522,0.47,0.67,0.492,1,0.526
0.539,0.47,0.67,0.594,1,0.574
0.562,0.47,0.67,0.675,0,0.616
0.535,0.47,0.67,0.540,0,0.555
0.519,0.47,0.67,0.432,1,0.499
0.533,0.47,0.67,0.546,0,0.549
0.518,0.47,0.67,0.436,0,0.494
0.502,0.47,0.67,0.349,0,0.445
0.478,0.47,0.67,0.279,0,0.400
0.441,0.47,0.67,0.223,1,0.360
0.486,0.47,0.67,0.379,0,0.424
0.458,0.47,0.67,0.303,0,0.382
0.416,0.47,0.67,0.242,0,0.344
0.362,0.47,0.67,0.194,1,0.309
0.445,0.47,0.67,0.355,1,0.378
0.479,0.47,0.67,0.484,1,0.441
0.496,0.47,0.67,0.587,1,0.497
0.508,0.47,0.67,0.670,0,0.547
0.496,0.47,0.57,0.536,0,0.492
0.482,0.47,0.57,0.429,0,0.443
0.462,0.47,0.57,0.343,0,0.399
0.430,0.47,0.57,0.274,0,0.359
0.386,0.47,0.57,0.219,1,0.323
0.449,0.47,0.57,0.376,0,0.391
0.416,0.47,0.57,0.300,0,0.352
0.373,0.47,0.57,0.240,1,0.316
0.438,0.47,0.57,0.392,0,0.385
0.405,0.47,0.57,0.314,0,0.346
0.364,0.47,0.57,0.251,1,0.312
0.428,0.47,0.57,0.401,0,0.380
0.396,0.47,0.57,0.321,1,0.342
0.440,0.47,0.57,0.457,1,0.408
0.461,0.47,0.57,0.565,0,0.467
0.446,0.47,0.57,0.452,0,0.421
0.424,0.47,0.57,0.362,1,0.379
0.451,0.47,0.57,0.489,1,0.441
0.465,0.47,0.57,0.592,1,0.497
0.477,0.47,0.57,0.673,0,0.547
0.467,0.47,0.57,0.539,0,0.492
0.456,0.47,0.57,0.431,1,0.443
0.468,0.47,0.57,0.545,1,0.499
0.478,0.47,0.57,0.636,1,0.549
0.493,0.47,0.57,0.709,0,0.594
0.480,0.47,0.57,0.567,0,0.535
0.472,0.47,0.57,0.454,1,0.481
0.480,0.47,0.57,0.563,0,0.533
0.473,0.47,0.57,0.450,1,0.480
0.481,0.47,0.57,0.560,0,0.532
0.475,0.47,0.57,0.448,0,0.479
0.466,0.47,0.57,0.359,0,0.431
0.451,0.47,0.57,0.287,0,0.388
0.428,0.47,0.57,0.229,0,0.349
0.396,0.47,0.13,0.184,0,0.314
0.358,0.47,0.13,0.147,0,0.283
0.324,0.47,0.13,0.117,0,0.254
0.299,0.47,0.13,0.094,1,0.229
0.373,0.47,0.13,0.275,0,0.306
0.338,0.47,0.13,0.220,1,0.275
0.406,0.47,0.13,0.376,0,0.348
0.374,0.47,0.13,0.301,0,0.313
0.340,0.47,0.13,0.241,1,0.282
0.403,0.47,0.13,0.393,0,0.354
0.373,0.47,0.13,0.314,0,0.318
0.342,0.47,0.13,0.251,1,0.286
0.399,0.47,0.13,0.401,0,0.358
0.371,0.47,0.13,0.321,0,0.322
0.342,0.47,0.13,0.257,1,0.290
0.396,0.47,0.13,0.405,0,0.361
0.369,0.47,0.13,0.324,0,0.325
0.342,0.47,0.13,0.259,1,0.292
0.392,0.47,0.13,0.408,0,0.363
0.367,0.47,0.13,0.326,0,0.327
0.341,0.47,0.13,0.261,1,0.294
0.388,0.47,0.13,0.409,1,0.365
0.416,0.47,0.13,0.527,1,0.428
0.433,0.47,0.13,0.622,1,0.485
0.445,0.47,0.43,0.697,1,0.537
0.460,0.47,0.43,0.758,0,0.583
0.448,0.47,0.43,0.606,1,0.525
0.461,0.47,0.43,0.685,1,0.572
0.479,0.47,0.43,0.748,0,0.615
0.462,0.03,0.43,0.598,0,0.554
0.452,0.03,0.43,0.479,0,0.498
0.442,0.03,0.43,0.383,0,0.448
0.427,0.03,0.43,0.306,0,0.404
0.408,0.03,0.43,0.245,0,0.363
0.385,0.03,0.43,0.196,0,0.327
0.359,0.03,0.43,0.157,0,0.294
0.336,0.03,0.43,0.125,0,0.265
0.317,0.03,0.43,0.100,1,0.238
0.366,0.03,0.43,0.280,0,0.314
0.343,0.03,0.43,0.224,0,0.283
0.323,0.03,0.43,0.179,0,0.255
0.307,0.03,0.43,0.144,0,0.229
0.296,0.03,0.43,0.115,0,0.206
0.289,0.03,0.43,0.092,0,0.186
0.283,0.03,0.43,0.073,0,0.167
0.278,0.03,0.43,0.059,0,0.150
0.274,0.03,0.43,0.047,0,0.135
0.270,0.03,0.43,0.038,0,0.122
0.267,0.03,0.43,0.030,0,0.110
0.263,0.03,0.43,0.024,0,0.099
0.259,0.03,0.43,0.019,0,0.089
0.255,0.03,0.43,0.015,0,0.080
0.251,0.03,0.43,0.012,0,0.072
0.246,0.03,0.43,0.010,0,0.065
0.242,0.03,0.43,0.008,0,0.058
0.237,0.03,0.43,0.006,0,0.052
0.232,0.03,0.43,0.005,0,0.047
0.227,0.03,0.43,0.004,0,0.042
0.222,0.03,0.43,0.003,0,0.038
0.217,0.03,0.21,0.003,0,0.034
0.212,0.03,0.21,0.002,0,0.031
0.206,0.03,0.21,0.002,0,0.028
0.201,0.03,0.21,0.001,0,0.025
0.196,0.03,0.21,0.001,0,0.023
0.191,0.03,0.21,0.001,0,0.020
0.186,0.03,0.21,0.001,0,0.018
0.181,0.03,0.21,0.001,0,0.016
0.176,0.03,0.21,0.000,0,0.015
0.172,0.03,0.21,0.000,0,0.013
0.167,0.03,0.21,0.000,0,0.012
0.162,0.03,0.21,0.000,0,0.011
0.158,0.03,0.21,0.000,0,0.010
0.153,0.03,0.21,0.000,0,0.009
0.149,0.03,0.21,0.000,0,0.008
0.144,0.03,0.21,0.000,0,0.007
0.140,0.03,0.21,0.000,0,0.006
0.136,0.03,0.21,0.000,0,0.006
0.132,0.03,0.21,0.000,0,0.005
0.128,0.03,0.21,0.000,0,0.005
0.124,0.03,0.21,0.000,0,0.004
0.120,0.03,0.21,0.000,0,0.004
0.116,0.03,0.21,0.000,0,0.003
0.113,0.03,0.21,0.000,0,0.003
0.109,0.03,0.21,0.000,0,0.003
0.106,0.03,0.21,0.000,0,0.002
0.102,0.03,0.21,0.000,0,0.002
0.099,0.03,0.21,0.000,0,0.002
0.095,0.03,0.21,0.000,0,0.002
0.092,0.03,0.21,0.000,0,0.002
0.089,0.03,0.21,0.000,0,0.001
0.086,0.03,0.21,0.000,0,0.001
0.083,0.03,0.11,0.000,0,0.001
0.080,0.03,0.11,0.000,0,0.001
0.077,0.03,0.11,0.000,0,0.001
0.074,0.03,0.11,0.000,0,0.001
0.071,0.03,0.11,0.000,0,0.001
0.069,0.03,0.11,0.000,0,0.001
0.066,0.03,0.11,0.000,1,0.001
0.114,0.03,0.11,0.200,0,0.101
0.109,0.03,0.11,0.160,0,0.091
0.105,0.03,0.11,0.128,0,0.081
0.101,0.03,0.11,0.102,0,0.073
0.097,0.03,0.11,0.082,0,0.066
0.093,0.03,0.11,0.066,1,0.059
0.132,0.03,0.11,0.252,0,0.153
0.126,0.03,0.11,0.202,0,0.138
0.120,0.03,0.11,0.162,0,0.124
0.115,0.03,0.11,0.129,0,0.112
0.111,0.03,0.11,0.103,0,0.101
0.107,0.03,0.11,0.083,0,0.091
0.103,0.03,0.11,0.066,0,0.082
0.099,0.03,0.11,0.053,0,0.073
0.095,0.03,0.11,0.042,0,0.066
0.092,0.03,0.11,0.034,0,0.059
0.088,0.03,0.11,0.027,0,0.054
0.085,0.03,0.11,0.022,0,0.048
0.082,0.03,0.11,0.017,0,0.043
0.078,0.03,0.11,0.014,0,0.039
0.075,0.03,0.11,0.011,0,0.035
0.072,0.03,0.11,0.009,0,0.032
0.070,0.03,0.11,0.007,1,0.028
0.109,0.03,0.11,0.206,0,0.126
0.104,0.03,0.11,0.165,0,0.113
0.100,0.03,0.11,0.132,1,0.102
0.139,0.03,0.11,0.305,0,0.192
0.131,0.03,0.11,0.244,0,0.172
0.124,0.03,0.11,0.195,0,0.155
0.118,0.03,0.11,0.156,0,0.140
0.113,0.03,0.11,0.125,0,0.126
0.109,0.03,0.11,0.100,0,0.113
0.105,0.03,0.11,0.080,0,0.102
0.102,0.03,0.11,0.064,0,0.092
0.098,0.03,0.11,0.051,0,0.082
0.095,0.03,0.11,0.041,0,0.074
0.092,0.03,0.11,0.033,0,0.067
0.089,0.03,0.11,0.026,0,0.060
0.086,0.03,0.11,0.021,0,0.054
0.083,0.03,0.11,0.017,0,0.049
0.080,0.03,0.11,0.013,0,0.044
0.078,0.03,0.11,0.011,0,0.039
0.075,0.03,0.11,0.009,0,0.035
0.072,0.03,0.11,0.007,0,0.032
0.070,0.03,0.11,0.005,0,0.029
0.067,0.03,0.11,0.004,0,0.026
0.065,0.03,0.11,0.004,0,0.023
0.062,0.03,0.11,0.003,0,0.021
0.060,0.03,0.11,0.002,0,0.019
0.058,0.03,0.11,0.002,0,0.017
0.055,0.03,0.03,0.001,0,0.015
0.053,0.03,0.03,0.001,0,0.014
0.051,0.03,0.03,0.001,0,0.012
0.049,0.03,0.03,0.001,0,0.011
0.047,0.03,0.03,0.001,0,0.010
0.045,0.03,0.03,0.000,0,0.009
0.043,0.03,0.03,0.000,0,0.008
0.041,0.03,0.03,0.000,0,0.007
0.040,0.03,0.03,0.000,0,0.007
0.038,0.03,0.03,0.000,0,0.006
0.036,0.03,0.03,0.000,0,0.005
0.035,0.03,0.03,0.000,0,0.005
0.033,0.03,0.03,0.000,0,0.004
0.032,0.03,0.03,0.000,0,0.004
0.030,0.03,0.03,0.000,0,0.003
0.029,0.03,0.03,0.000,0,0.003
0.028,0.03,0.03,0.000,0,0.003
0.027,0.03,0.03,0.000,0,0.003
0.025,0.03,0.03,0.000,0,0.002
0.024,0.03,0.03,0.000,0,0.002
0.000,0.03,0.03,0.000,0,0.002
0.000,0.03,0.03,0.000,0,0.002
0.000,0.03,0.03,0.000,0,0.002
0.000,0.03,0.03,0.000,0,0.001
0.000,0.03,0.03,0.000,0,0.001
0.000,0.03,0.03,0.000,0,0.001
0.000,0.03,0.03,0.000,0,0.001
0.000,0.03,0.03,0.000,0,0.001
0.000,0.03,0.03,0.000,0,0.001
0.000,0.03,0.03,0.000,0,0.001
0.000,0.03,0.03,0.000,0,0.001
0.000,0.03,0.03,0.000,0,0.001
0.000,0.03,0.03,0.000,0,0.001
0.000,0.03,0.03,0.000,0,0.000
0.000,0.03,0.03,0.000,0,0.000
0.000,0.03,0.03,0.000,0,0.000
0.000,0.03,0.03,0.000,0,0.000
0.000,0.03,0.03,0.000,0,0.000
0.000,0.03,0.03,0.000,0,0.000
0.000,0.03,0.03,0.000,0,0.000
0.000,0.03,0.03,0.000,0,0.000
0.000,0.03,0.03,0.000,0,0.000
0.000,0.03,0.03,0.000,0,0.000
0.000,0.03,0.03,0.000,0,0.000
0.000,0.03,0.03,0.000,0,0.000
0.000,0.03,0.03,0.000,0,0.000
0.000,0.03,0.03,0.000,0,0.000
0.000,0.03,0.03,0.000,0,0.000
0.000,0.03,0.03,0.000,0,0.000
0.000,0.03,0.03,0.000,0,0.000
0.000,0.03,0.03,0.000,0,0.000
0.000,0.03,0.03,0.000,0,0.000
0.000,0.03,0.03,0.000,0,0.000
0.000,0.03,0.03,0.000,1,0.000
0.071,0.03,0.03,0.200,0,0.100
0.068,0.03,0.03,0.160,0,0.090
0.065,0.03,0.03,0.128,0,0.081
0.062,0.03,0.03,0.102,0,0.073
0.059,0.03,0.03,0.082,0,0.066
0.056,0.03,0.03,0.066,0,0.059
0.054,0.03,0.03,0.052,0,0.053
0.051,0.03,0.03,0.042,0,0.048
0.049,0.03,0.03,0.034,0,0.043
0.047,0.03,0.03,0.027,0,0.039
0.045,0.03,0.03,0.021,0,0.035
0.043,0.03,0.03,0.017,0,0.031
0.041,0.03,0.03,0.014,1,0.028
0.080,0.03,0.03,0.211,0,0.125
0.077,0.03,0.03,0.169,0,0.113
0.073,0.03,0.03,0.135,0,0.102
0.070,0.03,0.03,0.108,0,0.091
0.067,0.03,0.03,0.086,0,0.082
0.065,0.03,0.03,0.069,0,0.074
0.062,0.03,0.03,0.055,0,0.067
0.060,0.03,0.03,0.044,0,0.060
0.058,0.03,0.03,0.035,0,0.054
0.056,0.03,0.03,0.028,0,0.049
